the, 56271872
of, 33950064
and, 29944184
to, 25956096
in, 17420636
i, 11764797
that, 11073318
was, 10078245
his, 8799755
he, 8397205
it, 8058110
with, 7725512
is, 7557477
for, 7097981
as, 7037543
had, 6139336
you, 6048903
not, 5741803
be, 5662527
her, 5202501
on, 5113263
at, 5091841
by, 5061050
which, 4580906
have, 4346500
or, 4228287
from, 4108111
this, 4015425
him, 3971997
but, 3894211
all, 3703342
she, 3415846
they, 3340398
were, 3323884
my, 3277699
are, 3224178
me, 3027134
one, 2832569
their, 2820265
so, 2802481
an, 2641417
said, 2637136
them, 2509917
we, 2491655
who, 2472663
would, 2400858
been, 2357654
will, 2320022
no, 2241145
when, 1980046
there, 1961200
if, 1951102
more, 1899787
out, 1875351
up, 1792712
into, 1703963
do, 1680164
any, 1665366
your, 1658553
what, 1605908
has, 1602329
man, 1573117
could, 1571110
other, 1533530
than, 1508779
our, 1498473
some, 1476767
very, 1462382
time, 1449681
upon, 1424595
about, 1414687
may, 1400642
its, 1373270
only, 1318367
now, 1317723
like, 1280625
little, 1273589
then, 1255636
can, 1210074
should, 1192154
made, 1188501
did, 1185720
us, 1171742
such, 1136757
a, 1135294
great, 1120163
before, 1117089
must, 1108116
two, 1093366
these, 1090510
see, 1084286
know, 1075612
over, 1056659
much, 1021822
down, 989808
after, 978575
first, 978196
Mr, 974419
good, 966602
men, 923053
own, 922130
never, 899673
most, 889691
old, 887917
shall, 883846
day, 882331
where, 881975
those, 878621
came, 873144
come, 873007
himself, 863478
way, 860027
work, 829823
life, 825485
without, 819684
go, 816536
make, 807600
well, 799596
through, 792925
being, 792220
long, 791686
say, 788124
might, 787455
how, 770603
am, 761957
too, 758856
even, 750750
def, 748992
again, 745230
many, 744168
back, 740270
here, 729829
think, 715780
every, 704444
people, 701741
went, 690186
same, 689376
last, 680833
thought, 674623
away, 673810
under, 671168
take, 656486
found, 654512
hand, 648227
eyes, 647788
still, 640067
place, 621773
while, 613918
just, 610168
also, 608042
young, 591821
yet, 588615
though, 570877
against, 569459
things, 567559
get, 564674
ever, 559207
give, 554003
god, 552668
years, 547420
off, 545832
face, 544251
nothing, 541692
right, 536737
once, 534154
another, 533985
left, 531797
part, 526137
saw, 520922
house, 517564
world, 517557
head, 512481
three, 502146
took, 501669
new, 498040
love, 496496
always, 495834
Mrs, 495443
put, 495189
night, 484878
each, 484599
king, 479849
between, 479034
tell, 475277
mind, 470313
heart, 467157
few, 466338
because, 465587
thing, 461472
whom, 458312
far, 456267
seemed, 447884
looked, 447491
called, 445602
whole, 435059
de, 433393
set, 432637
both, 432491
got, 432016
find, 431120
done, 430389
heard, 429972
look, 428871
name, 427021
days, 426104
told, 424696
let, 424320
lord, 422407
country, 420788
asked, 420044
going, 419315
seen, 418862
better, 416463
p, 415673
having, 415355
home, 413499
knew, 413101
side, 405810
something, 398727
moment, 390988
father, 387790
among, 387549
course, 385303
hands, 385081
woman, 384156
enough, 382266
words, 380328
mother, 373898
soon, 373813
full, 371831
end, 369761
gave, 369036
room, 366719
almost, 366630
small, 359970
thou, 355857
cannot, 355656
water, 355467
want, 354212
however, 352828
light, 351253
quite, 350537
brought, 349925
nor, 349691
word, 349685
whose, 344377
given, 344141
door, 342388
best, 337544
turned, 337367
taken, 335210
does, 334332
use, 333883
morning, 330567
myself, 328630
Gutenberg, 328324
felt, 326524
until, 326391
since, 326386
power, 326243
themselves, 325793
used, 325791
rather, 325719
began, 325327
present, 324509
voice, 322870
others, 322643
white, 322465
works, 318937
less, 316490
money, 315642
next, 313167
poor, 311818
death, 309653
stood, 308025
form, 307506
within, 307223
together, 304955
till, 304735
thy, 304489
large, 304240
matter, 301283
kind, 298191
often, 296798
certain, 296795
herself, 295916
year, 295745
friend, 295078
half, 293866
order, 293593
round, 291647
true,	291427
anything, 289997
keep, 289304
sent, 287876
wife, 286847
means, 284431
believe, 281965
passed, 279864
feet, 279821
near, 278870
public, 278365
state, 277682
son, 277227
hundred, 275990
children, 275607
thus, 275221
hope, 273746
alone, 272173
above, 271641
case, 271588
dear, 270503
thee, 269414
says, 268542
person, 267878
high, 266672
read, 265947
city, 265138
already, 264662
received, 264606
fact, 263613
gone, 263585
girl, 262689
known, 262571
hear, 260746
times, 260596
least, 259916
perhaps, 257964
sure, 255885
indeed, 255789
english, 255212
open, 254373
body, 252812
itself, 251252
along, 251163
land, 249677
return, 249533
leave, 249063
air, 247480
nature, 246792
answered, 246251
either, 244426
law, 244138
help, 243712
lay, 242753
point, 242269
child, 242201
letter, 242178
four, 242099
wish, 241091
fire, 240652
cried, 240280
2,	240009
women, 239735
speak, 239025
number, 238734
therefore, 238281
hour, 237964
friends, 237481
held, 235474
free, 235012
war, 234544
during, 233771
several, 233197
business, 233158
whether, 230819
er, 230485
manner, 230401
second, 230300
reason, 229940
replied, 229913
united, 226953
call, 226661
general, 226391
why, 226216
behind, 226205
became, 224811
john, 224569
become, 224326
dead, 224049
earth, 222546
boy, 222315
lost, 222264
forth, 220598
thousand, 218623
looking, 218510
I'll, 218372
family, 218118
soul, 217840
feel, 216356
coming, 215147
England, 214339
spirit, 213257
question, 213124
care, 213072
truth, 212548
ground, 212369
really, 211722
rest, 211668
mean, 211299
different, 211043
making, 210031
possible, 209099
fell, 208344
towards, 208199
human, 206740
kept, 206329
short, 206216
town, 205687
following, 205653
need, 204955
cause, 204686
met, 203956
evening, 203331
returned, 202041
five, 201451
strong, 200224
able, 200145
french, 199969
live, 199658
lady, 199560
subject, 198566
sn, 198498
answer, 198187
sea, 198128
fear, 196739
understand, 196729
hard, 196458
terms, 196252
doubt, 195905
around, 195594
ask, 194903
arms, 194298
turn, 192763
sense, 192719
seems, 192229
black, 191272
bring, 191148
followed, 190649
beautiful, 190563
close, 188915
dark, 188316
hold, 186609
character, 186256
sort, 186136
sight, 185862
ten, 184612
show, 184074
party, 184068
fine, 183059
ye, 182978
ready, 181866
story, 180998
common, 180061
book, 179739
electronic, 179347
talk, 178877
account, 178452
mark, 178084
interest, 178001
written, 177232
can't, 176728
bed, 176635
necessary, 176467
age, 176320
else, 175980
force, 175520
idea, 174236
longer, 173897
art, 173544
spoke, 172990
across, 172901
brother, 172692
early, 172467
ought, 171690
sometimes, 171309
line, 170962
saying, 170695
table, 170143
appeared, 169913
river, 169470
continued, 169086
eye, 168723
ety, 168713
sun, 168545
information, 168408
later, 167805
everything, 166395
reached, 165752
suddenly, 164850
past, 164703
hours, 164326
strange, 164147
deep, 163819
change, 163514
miles, 163341
feeling, 163269
act, 162869
meet, 162687
paid, 162605
further, 162328
purpose, 162154
happy, 162105
added, 161953
seem, 161549
taking, 160626
blood, 160547
rose, 159794
south, 158664
beyond, 158344
cold, 158204
neither, 158200
forward, 157578
view, 157416
I've, 157210
position, 156851
sound, 156616
none, 155743
entered, 155480
clear, 155472
road, 154977
late, 154840
stand, 154582
suppose, 154536
la, 154457
daughter, 154261
real, 154046
nearly, 154001
mine, 153940
laws, 153830
knowledge, 153829
comes, 153299
toward, 152972
bad, 152889
cut, 152625
copy, 151661
husband, 151651
six, 151612
France, 151108
living, 151043
peace, 150281
didn't, 149696
low, 149690
north, 149601
remember, 149323
effect, 148795
natural, 148744
pretty, 148124
fall, 147435
fair, 147401
service, 146483
below, 146062
except, 145998
American, 145980
hair, 145817
London, 145606
laid, 145490
pass, 145440
led, 145393
copyright, 145244
doing, 145131
army, 144925
run, 144688
horse, 144022
future, 143658
opened, 143625
pleasure, 142952
history, 141958
west, 141745
pay, 141597
red, 141588
an', 141517
4,	141402
hath, 141246
note, 140679
although, 140667
wanted, 140608
gold, 139711
makes, 139167
desire, 138288
play, 138228
master, 137871
office, 136616
tried, 136507
front, 136296
big, 136265
Dr, 135902
lived, 135512
certainly, 135386
wind, 134689
receive, 134351
attention, 134257
government, 134075
unto, 134048
church, 133975
strength, 133771
length, 133663
company, 133159
placed, 133084
paper, 133030
letters, 132785
probably, 132560
glad, 132368
important, 132288
especially, 132096
greater, 132045
yourself, 131617
fellow, 131509
bear, 131397
opinion, 130867
window, 130590
ran, 130394
faith, 130376
ago, 130255
agreement, 130079
charge, 129644
beauty, 129586
lips, 129473
remained, 129411
arm, 129325
latter, 129276
duty, 129116
send, 129075
distance, 129046
silence, 128067
foot, 128053
wild, 127758
object, 127468
die, 127167
save, 126799
gentleman, 126761
trees, 126469
green, 126431
trouble, 125885
smile, 125830
books, 125827
wrong, 125401
various, 125006
sleep, 124634
persons, 123820
blockquote, 123703
happened, 123421
particular, 123182
drew, 122264
minutes, 122201
hardly, 121603
walked, 121276
chief, 121207
chance, 120739
according, 120733
beginning, 120733
action, 120590
deal, 120186
loved, 120145
visit, 119807
thinking, 119753
follow, 119666
standing, 119506
knows, 119114
try, 118860
presence, 118852
heavy, 118834
sweet, 118754
plain, 118641
donations, 118443
immediately, 118250
wrote, 118114
mouth, 117921
rich, 117386
thoughts, 117251
months, 116955
u, 116586
won't, 116568
afraid, 116467
Paris, 116402
single, 115905
joy, 115788
enemy, 115195
broken, 115006
unless, 114054
states, 113807
ship, 113611
condition, 113578
carry, 113357
exclaimed, 113352
including, 113104
filled, 112921
seeing, 112889
influence, 112447
write, 112285
boys, 112125
appear, 112044
outside, 111849
secret, 111678
parts, 111194
please, 111114
appearance, 110932
evil, 110898
march, 110834
George, 110754
whatever, 110549
slowly, 110500
tears, 110314
horses, 110296
places, 110250
caught, 110061
stay, 109894
instead, 109837
struck, 109662
blue, 109449
York, 109354
impossible, 109330
period, 109160
sister, 108983
battle, 108781
school, 108701
Mary, 108633
raised, 108580
occasion, 108544
married, 108419
man's, 108346
former, 108299
food, 108140
youth, 108097
learned, 108072
merely, 108034
reach, 107787
system, 107496
twenty, 107475
dinner, 107414
quiet, 107167
easily, 107012
moved, 106996
afterwards, 106992
giving, 106981
walk, 106858
stopped, 106661
laughed, 106591
language, 106445
expression, 106415
week, 106184
hall, 106108
danger, 105775
property, 105765
wonder, 105588
usual, 105412
figure, 105403
born, 104938
court, 104606
generally, 104448
grew, 104326
showed, 104205
getting, 103981
ancient, 103755
respect, 103497
third, 103468
worth, 103346
simple, 102885
tree, 102872
leaving, 102830
remain, 102801
society, 102355
fight, 102206
wall, 102124
result, 102039
heaven, 101875
William, 101780
started, 101771
command, 101717
tone, 101569
regard, 101139
expected, 101117
mere, 101061
month, 101037
beside, 100710
silent, 100695
perfect, 100522
experience, 100504
street, 100499
writing, 100292
goes, 100235
circumstances, 100166
entirely, 99803.2
fresh, 99654.4
duke, 99561.9
covered, 99439.2
bound, 99304.7
east, 99220.9
wood, 99157.6
stone, 99073.7
quickly, 98994.6
notice, 98872
bright, 98773.9
Christ, 98758.1
boat, 98756.5
noble, 98714.6
meant, 98705.1
somewhat, 98651.3
sudden, 98497.8
value, 98232.8
c., 97991.5
direction, 97628.3
chair, 97567.4
due, 97353
support, 97334
tom, 97093.5
date, 96908.4
waiting, 96834.8
Christian, 96735.9
village, 96681.3
lives, 96547.6
reading, 96465.4
agree, 96413.9
lines, 96198
considered, 96182.9
field, 96170.3
observed, 96110.1
scarcely, 95979.6
wished, 95538.2
wait, 95523.9
greatest, 95398.1
permission, 95391
success, 95371.2
piece, 95303.2
British, 95149.7
ex, 95127.6
Charles, 95049.2
formed, 94978
speaking, 94833.3
trying, 94706.7
conversation, 94578.5
proper, 94480.4
hill, 94379.1
music, 94284.2
opportunity, 94123.6
that's, 93912.4
German, 93866.5
afternoon, 93839.6
cry, 93675
cost, 93470.1
allowed, 93398.1
girls, 93384.7
considerable, 93235.2
c, 92990.7
broke, 92800.8
honour, 92446.4
seven, 92292.1
private, 92260.5
sit, 92217
news, 92204.3
top, 91995.5
scene, 91985.2
discovered, 91968.6
marriage, 91937.7
step, 91592
garden, 91392.6
race, 91305.6
begin, 91207.5
per, 91115.7
individual, 90923.5
sitting, 90632.3
learn, 90513.7
political, 90412.4
difficult, 90385.5
bit, 90352.3
speech, 90319
Henry, 90034.2
lie, 89756.5
cast, 89723.3
eat, 89650.5
authority, 89562.7
etc., 89480.4
floor, 89151.3
ill, 89125.2
ways, 88381.5
officers, 88207.5
offered, 88164
original, 88133.9
happiness, 88005
flowers, 87879.2
produced, 87876
summer, 87793.7
provide, 87573
study, 87538.2
religion, 87445.6
picture, 87340.4
walls, 87300.1
personal, 87235.2
America, 87195.6
watch, 87073.8
pleased, 86744.7
leaves, 86702
declared, 86560.4
hot, 86478.9
understood, 86271.6
effort, 86256.6
prepared, 86240.7
escape, 86157.7
attempt, 86132.4
supposed, 86122.1
killed, 86020
fast, 86008.1
author, 85992.3
Indian, 85940.9
brown, 85875.2
determined, 85873.7
pain, 85833.3
spring, 85777.9
takes, 85761.3
drawn, 85701.2
soldiers, 85694.1
houses, 85488.4
beneath, 85453.6
talking, 85391.1
turning, 85325.4
century, 85256.6
steps, 84796.1
intended, 84789
soft, 84783.5
straight, 84750.2
matters, 84637.1
likely, 84636.3
corner, 84584.1
trademark, 84518.4
justice, 84500.2
simply, 84365
produce, 84323
trust, 84298.5
appears, 84153.7
Rome, 84141.1
laugh, 84072.2
forget, 84004.2
Europe, 83940.9
passage, 83908.5
eight, 83853.9
closed, 83814.3
ourselves, 83716.2
gives, 83639.5
dress, 83486
passing, 83482.1
terrible, 83421.9
required, 83248.7
medium, 83151.4
efforts, 83147.4
sake, 83124.5
breath, 83075.4
wise, 83039
ladies, 82918
possession, 82883.2
pleasant, 82839.7
perfectly, 82830.9
o', 82761.3
memory, 82725.7
usually, 82644.2
grave, 82623.7
fixed, 82566.7
modern, 82562
spot, 82338.9
troops, 82223.4
rise, 82126.8
break, 82118.1
fifty, 82035.1
island, 81974.9
meeting, 81962.3
camp, 81899.8
nation, 81890.3
existence, 81804.1
reply, 81671.1
I'd, 81624.5
copies, 81479.7
sky, 81457.5
touch, 81396.6
equal, 81392.7
fortune, 81232.1
v., 81207.5
shore, 81109.4
domain, 81056.4
named, 80756.6
situation, 80651.4
looks, 80463.1
promise, 80426.7
orders, 80294.6
degree, 80293.8
middle, 80239.2
winter, 80239.2
plan, 80069.9
spent, 80046.2
allow, 79876.1
pale, 79860.2
conduct, 79819.9
running, 79752.6
religious, 79751.1
surprise, 79635.6
minute, 79605.5
roman, 79482.1
cases, 79432.2
shot, 79425.1
lead, 79418.8
move, 79376.1
names, 79366.6
